CHROM	POS	REF	ALT	QUAL	FORMAT	SAMPLE	Allele	Annotation	Annotation_Impact	Gene_Name	Gene_ID	Feature_Type	Feature_ID	Transcript_BioType	Rank	HGVS.c	HGVS.p	cDNA.pos	CDS.pos	AA.pos	WARNINGS
NZ_CP065640.1	8599	A	T	30.4183	GT:PL:AD	1:60,0:0,1	T	stop_gained	HIGH	I6G83_RS00050	gene-I6G83_RS00050	transcript	TRANSCRIPT_gene-I6G83_RS00050	protein_coding	1/1	c.1271T>A	p.Leu424*	1271/1659	1271/1659	424/552	
NZ_CP065640.1	83168	G	C	30.4183	GT:PL:AD	1:60,0:0,1	C	stop_gained	HIGH	nudK	gene-I6G83_RS00405	transcript	TRANSCRIPT_gene-I6G83_RS00405	protein_coding	1/1	c.285C>G	p.Tyr95*	285/573	285/573	95/190	
NZ_CP065640.1	83400	G	T	30.4183	GT:PL:AD	1:60,0:0,1	T	stop_gained	HIGH	nudK	gene-I6G83_RS00405	transcript	TRANSCRIPT_gene-I6G83_RS00405	protein_coding	1/1	c.53C>A	p.Ser18*	53/573	53/573	18/190	
NZ_CP065640.1	250533	A	C	30.4183	GT:PL:AD	1:60,0:0,1	C	stop_lost&splice_region_variant	HIGH	I6G83_RS01130	gene-I6G83_RS01130	transcript	TRANSCRIPT_gene-I6G83_RS01130	protein_coding	1/1	c.577T>G	p.Ter193Glyext*?	577/579	577/579	193/192	WARNING_TRANSCRIPT_NO_START_CODON,C|upstream_gene_variant|MODIFIER|yfhb|gene-I6G83_RS01110|transcript|TRANSCRIPT_gene-I6G83_RS01110|protein_coding||c.-3467T>G|||||3467
NZ_CP065640.1	250554	C	A	30.4183	GT:PL:AD	1:60,0:0,1	A	stop_gained	HIGH	I6G83_RS01130	gene-I6G83_RS01130	transcript	TRANSCRIPT_gene-I6G83_RS01130	protein_coding	1/1	c.556G>T	p.Glu186*	556/579	556/579	186/192	WARNING_TRANSCRIPT_NO_START_CODON,A|upstream_gene_variant|MODIFIER|yfhb|gene-I6G83_RS01110|transcript|TRANSCRIPT_gene-I6G83_RS01110|protein_coding||c.-3488G>T|||||3488
NZ_CP065640.1	250809	T	A	30.4183	GT:PL:AD	1:60,0:0,1	A	stop_gained	HIGH	I6G83_RS01130	gene-I6G83_RS01130	transcript	TRANSCRIPT_gene-I6G83_RS01130	protein_coding	1/1	c.301A>T	p.Lys101*	301/579	301/579	101/192	WARNING_TRANSCRIPT_NO_START_CODON,A|upstream_gene_variant|MODIFIER|yfhb|gene-I6G83_RS01110|transcript|TRANSCRIPT_gene-I6G83_RS01110|protein_coding||c.-3743A>T|||||3743
NZ_CP065640.1	251073	C	A	30.4183	GT:PL:AD	1:60,0:0,1	A	stop_gained	HIGH	I6G83_RS01130	gene-I6G83_RS01130	transcript	TRANSCRIPT_gene-I6G83_RS01130	protein_coding	1/1	c.37G>T	p.Glu13*	37/579	37/579	13/192	WARNING_TRANSCRIPT_NO_START_CODON,A|upstream_gene_variant|MODIFIER|yfhb|gene-I6G83_RS01110|transcript|TRANSCRIPT_gene-I6G83_RS01110|protein_coding||c.-4007G>T|||||4007
NZ_CP065640.1	282258	T	G	30.4183	GT:PL:AD	1:60,0:0,1	G	stop_gained	HIGH	I6G83_RS01290	gene-I6G83_RS01290	transcript	TRANSCRIPT_gene-I6G83_RS01290	protein_coding	1/1	c.605T>G	p.Leu202*	605/2634	605/2634	202/877	
NZ_CP065640.1	302440	A	C	30.4183	GT:PL:AD	1:60,0:0,1	C	stop_lost&splice_region_variant	HIGH	I6G83_RS01390	gene-I6G83_RS01390	transcript	TRANSCRIPT_gene-I6G83_RS01390	protein_coding	1/1	c.880T>G	p.Ter294Gluext*?	880/882	880/882	294/293	
NZ_CP065640.1	355053	A	T	30.4183	GT:PL:AD	1:60,0:0,1	T	stop_gained	HIGH	bamA	gene-I6G83_RS01635	transcript	TRANSCRIPT_gene-I6G83_RS01635	protein_coding	1/1	c.2235T>A	p.Tyr745*	2235/2403	2235/2403	745/800	
NZ_CP065640.1	444282	T	A	30.4183	GT:PL:AD	1:60,0:0,1	A	stop_gained	HIGH	I6G83_RS02025	gene-I6G83_RS02025	transcript	TRANSCRIPT_gene-I6G83_RS02025	protein_coding	1/1	c.448A>T	p.Arg150*	448/1080	448/1080	150/359	
NZ_CP065640.1	444664	A	C	30.4183	GT:PL:AD	1:60,0:0,1	C	stop_gained	HIGH	I6G83_RS02025	gene-I6G83_RS02025	transcript	TRANSCRIPT_gene-I6G83_RS02025	protein_coding	1/1	c.66T>G	p.Tyr22*	66/1080	66/1080	22/359	
NZ_CP065640.1	444716	G	C	30.4183	GT:PL:AD	1:60,0:0,1	C	stop_gained	HIGH	I6G83_RS02025	gene-I6G83_RS02025	transcript	TRANSCRIPT_gene-I6G83_RS02025	protein_coding	1/1	c.14C>G	p.Ser5*	14/1080	14/1080	5/359	
NZ_CP065640.1	444720	T	A	30.4183	GT:PL:AD	1:60,0:0,1	A	stop_gained	HIGH	I6G83_RS02025	gene-I6G83_RS02025	transcript	TRANSCRIPT_gene-I6G83_RS02025	protein_coding	1/1	c.10A>T	p.Lys4*	10/1080	10/1080	4/359	
NZ_CP065640.1	523111	G	A	30.4183	GT:PL:AD	1:60,0:0,1	A	stop_gained	HIGH	I6G83_RS02395	gene-I6G83_RS02395	transcript	TRANSCRIPT_gene-I6G83_RS02395	protein_coding	1/1	c.43C>T	p.Gln15*	43/819	43/819	15/272	
NZ_CP065640.1	621134	C	T	30.4183	GT:PL:AD	1:60,0:0,1	T	start_lost	HIGH	I6G83_RS23630	gene-I6G83_RS23630	transcript	TRANSCRIPT_gene-I6G83_RS23630	protein_coding	1/1	c.3G>A	p.Leu1?	3/714	3/714	1/237	
NZ_CP065640.1	626458	T	A	30.4183	GT:PL:AD	1:60,0:0,1	A	stop_gained	HIGH	I6G83_RS02865	gene-I6G83_RS02865	transcript	TRANSCRIPT_gene-I6G83_RS02865	protein_coding	1/1	c.205A>T	p.Lys69*	205/249	205/249	69/82	
NZ_CP065640.1	626615	C	T	30.4183	GT:PL:AD	1:60,0:0,1	T	stop_gained	HIGH	I6G83_RS02865	gene-I6G83_RS02865	transcript	TRANSCRIPT_gene-I6G83_RS02865	protein_coding	1/1	c.48G>A	p.Trp16*	48/249	48/249	16/82	
NZ_CP065640.1	626660	C	T	30.4183	GT:PL:AD	1:60,0:0,1	T	start_lost	HIGH	I6G83_RS02865	gene-I6G83_RS02865	transcript	TRANSCRIPT_gene-I6G83_RS02865	protein_coding	1/1	c.3G>A	p.Met1?	3/249	3/249	1/82	
NZ_CP065640.1	626726	T	A	30.4183	GT:PL:AD	1:60,0:0,1	A	stop_gained	HIGH	I6G83_RS02870	gene-I6G83_RS02870	transcript	TRANSCRIPT_gene-I6G83_RS02870	protein_coding	1/1	c.163A>T	p.Lys55*	163/243	163/243	55/80	
NZ_CP065640.1	626859	G	T	30.4183	GT:PL:AD	1:60,0:0,1	T	stop_gained	HIGH	I6G83_RS02870	gene-I6G83_RS02870	transcript	TRANSCRIPT_gene-I6G83_RS02870	protein_coding	1/1	c.30C>A	p.Cys10*	30/243	30/243	10/80	
NZ_CP065640.1	659317	G	T	30.4183	GT:PL:AD	1:60,0:0,1	T	stop_gained	HIGH	I6G83_RS23635	gene-I6G83_RS23635	transcript	TRANSCRIPT_gene-I6G83_RS23635	protein_coding	1/1	c.97G>T	p.Gly33*	97/1176	97/1176	33/391	
NZ_CP065640.1	659795	T	A	30.4183	GT:PL:AD	1:60,0:0,1	A	stop_gained	HIGH	I6G83_RS23635	gene-I6G83_RS23635	transcript	TRANSCRIPT_gene-I6G83_RS23635	protein_coding	1/1	c.575T>A	p.Leu192*	575/1176	575/1176	192/391	
NZ_CP065640.1	660174	G	A	30.4183	GT:PL:AD	1:60,0:0,1	A	stop_gained	HIGH	I6G83_RS23635	gene-I6G83_RS23635	transcript	TRANSCRIPT_gene-I6G83_RS23635	protein_coding	1/1	c.954G>A	p.Trp318*	954/1176	954/1176	318/391	
NZ_CP065640.1	719399	G	A	30.4183	GT:PL:AD	1:60,0:0,1	A	stop_gained	HIGH	I6G83_RS03300	gene-I6G83_RS03300	transcript	TRANSCRIPT_gene-I6G83_RS03300	protein_coding	1/1	c.54G>A	p.Trp18*	54/411	54/411	18/136	
NZ_CP065640.1	719528	T	G	30.4183	GT:PL:AD	1:60,0:0,1	G	stop_gained	HIGH	I6G83_RS03300	gene-I6G83_RS03300	transcript	TRANSCRIPT_gene-I6G83_RS03300	protein_coding	1/1	c.183T>G	p.Tyr61*	183/411	183/411	61/136	
NZ_CP065640.1	719609	T	G	30.4183	GT:PL:AD	1:60,0:0,1	G	stop_gained	HIGH	I6G83_RS03300	gene-I6G83_RS03300	transcript	TRANSCRIPT_gene-I6G83_RS03300	protein_coding	1/1	c.264T>G	p.Tyr88*	264/411	264/411	88/136	
NZ_CP065640.1	719721	G	T	30.4183	GT:PL:AD	1:60,0:0,1	T	stop_gained	HIGH	I6G83_RS03300	gene-I6G83_RS03300	transcript	TRANSCRIPT_gene-I6G83_RS03300	protein_coding	1/1	c.376G>T	p.Glu126*	376/411	376/411	126/136	
NZ_CP065640.1	719755	A	C	30.4183	GT:PL:AD	1:60,0:0,1	C	stop_lost&splice_region_variant	HIGH	I6G83_RS03300	gene-I6G83_RS03300	transcript	TRANSCRIPT_gene-I6G83_RS03300	protein_coding	1/1	c.410A>C	p.Ter137Serext*?	410/411	410/411	137/136	
NZ_CP065640.1	777188	T	G	30.4183	GT:PL:AD	1:60,0:0,1	G	stop_gained	HIGH	I6G83_RS03580	gene-I6G83_RS03580	transcript	TRANSCRIPT_gene-I6G83_RS03580	protein_coding	1/1	c.150T>G	p.Tyr50*	150/540	150/540	50/179	WARNING_TRANSCRIPT_NO_START_CODON,G|upstream_gene_variant|MODIFIER|I6G83_RS03585|gene-I6G83_RS03585|transcript|TRANSCRIPT_gene-I6G83_RS03585|protein_coding||c.-411T>G|||||411
NZ_CP065640.1	779064	T	A	30.4183	GT:PL:AD	1:60,0:0,1	A	stop_gained	HIGH	I6G83_RS03590	gene-I6G83_RS03590	transcript	TRANSCRIPT_gene-I6G83_RS03590	protein_coding	1/1	c.830T>A	p.Leu277*	830/957	830/957	277/318	
NZ_CP065640.1	862790	C	A	30.4183	GT:PL:AD	1:60,0:0,1	A	stop_gained	HIGH	I6G83_RS03970	gene-I6G83_RS03970	transcript	TRANSCRIPT_gene-I6G83_RS03970	protein_coding	1/1	c.343G>T	p.Glu115*	343/354	343/354	115/117	
NZ_CP065640.1	862813	G	T	30.4183	GT:PL:AD	1:60,0:0,1	T	stop_gained	HIGH	I6G83_RS03970	gene-I6G83_RS03970	transcript	TRANSCRIPT_gene-I6G83_RS03970	protein_coding	1/1	c.320C>A	p.Ser107*	320/354	320/354	107/117	
NZ_CP065640.1	862906	A	C	30.4183	GT:PL:AD	1:60,0:0,1	C	stop_gained	HIGH	I6G83_RS03970	gene-I6G83_RS03970	transcript	TRANSCRIPT_gene-I6G83_RS03970	protein_coding	1/1	c.227T>G	p.Leu76*	227/354	227/354	76/117	
NZ_CP065640.1	863010	G	C	30.4183	GT:PL:AD	1:60,0:0,1	C	stop_gained	HIGH	I6G83_RS03970	gene-I6G83_RS03970	transcript	TRANSCRIPT_gene-I6G83_RS03970	protein_coding	1/1	c.123C>G	p.Tyr41*	123/354	123/354	41/117	
NZ_CP065640.1	863043	G	T	30.4183	GT:PL:AD	1:60,0:0,1	T	stop_gained	HIGH	I6G83_RS03970	gene-I6G83_RS03970	transcript	TRANSCRIPT_gene-I6G83_RS03970	protein_coding	1/1	c.90C>A	p.Cys30*	90/354	90/354	30/117	
NZ_CP065640.1	863145	A	T	30.4183	GT:PL:AD	1:60,0:0,1	T	stop_gained	HIGH	I6G83_RS23510	gene-I6G83_RS23510	transcript	TRANSCRIPT_gene-I6G83_RS23510	protein_coding	1/1	c.861T>A	p.Cys287*	861/870	861/870	287/289	WARNING_TRANSCRIPT_NO_START_CODON,T|upstream_gene_variant|MODIFIER|mug|gene-I6G83_RS03955|transcript|TRANSCRIPT_gene-I6G83_RS03955|protein_coding||c.-2342T>A|||||2342
NZ_CP065640.1	863486	T	A	30.4183	GT:PL:AD	1:60,0:0,1	A	stop_gained	HIGH	I6G83_RS23510	gene-I6G83_RS23510	transcript	TRANSCRIPT_gene-I6G83_RS23510	protein_coding	1/1	c.520A>T	p.Arg174*	520/870	520/870	174/289	WARNING_TRANSCRIPT_NO_START_CODON,A|upstream_gene_variant|MODIFIER|mug|gene-I6G83_RS03955|transcript|TRANSCRIPT_gene-I6G83_RS03955|protein_coding||c.-2683A>T|||||2683
NZ_CP065640.1	899985	A	C	30.4183	GT:PL:AD	1:60,0:0,1	C	stop_lost&splice_region_variant	HIGH	exuR	gene-I6G83_RS04095	transcript	TRANSCRIPT_gene-I6G83_RS04095	protein_coding	1/1	c.776A>C	p.Ter259Serext*?	776/777	776/777	259/258	
NZ_CP065640.1	1089658	G	A	30.4183	GT:PL:AD	1:60,0:0,1	A	stop_gained	HIGH	I6G83_RS04970	gene-I6G83_RS04970	transcript	TRANSCRIPT_gene-I6G83_RS04970	protein_coding	1/1	c.418C>T	p.Gln140*	418/669	418/669	140/222	
NZ_CP065640.1	1109076	G	T	30.4183	GT:PL:AD	1:60,0:0,1	T	stop_gained	HIGH	rpsM	gene-I6G83_RS05095	transcript	TRANSCRIPT_gene-I6G83_RS05095	protein_coding	1/1	c.255C>A	p.Cys85*	255/357	255/357	85/118	WARNING_TRANSCRIPT_NO_START_CODON,T|upstream_gene_variant|MODIFIER|I6G83_RS05060|gene-I6G83_RS05060|transcript|TRANSCRIPT_gene-I6G83_RS05060|protein_coding||c.-3639C>A|||||3639
NZ_CP065640.1	1151378	A	T	30.4183	GT:PL:AD	1:60,0:0,1	T	stop_lost&splice_region_variant	HIGH	I6G83_RS05390	gene-I6G83_RS05390	transcript	TRANSCRIPT_gene-I6G83_RS05390	protein_coding	1/1	c.862T>A	p.Ter288Lysext*?	862/864	862/864	288/287	
NZ_CP065640.1	1157176	C	T	30.4183	GT:PL:AD	1:60,0:0,1	T	stop_gained	HIGH	I6G83_RS05415	gene-I6G83_RS05415	transcript	TRANSCRIPT_gene-I6G83_RS05415	protein_coding	1/1	c.73C>T	p.Gln25*	73/234	73/234	25/77	
NZ_CP065640.1	1261216	T	G	30.4183	GT:PL:AD	1:60,0:0,1	G	stop_lost&splice_region_variant	HIGH	I6G83_RS05865	gene-I6G83_RS05865	transcript	TRANSCRIPT_gene-I6G83_RS05865	protein_coding	1/1	c.1196A>C	p.Ter399Serext*?	1196/1197	1196/1197	399/398	WARNING_TRANSCRIPT_NO_START_CODON,G|upstream_gene_variant|MODIFIER|I6G83_RS05845|gene-I6G83_RS05845|transcript|TRANSCRIPT_gene-I6G83_RS05845|protein_coding||c.-3842A>C|||||3842
NZ_CP065640.1	1337863	G	T	30.4183	GT:PL:AD	1:60,0:0,1	T	stop_gained	HIGH	I6G83_RS06180	gene-I6G83_RS06180	transcript	TRANSCRIPT_gene-I6G83_RS06180	protein_coding	1/1	c.280G>T	p.Glu94*	280/399	280/399	94/132	
NZ_CP065640.1	1407897	A	T	30.4183	GT:PL:AD	1:60,0:0,1	T	start_lost	HIGH	I6G83_RS06545	gene-I6G83_RS06545	transcript	TRANSCRIPT_gene-I6G83_RS06545	protein_coding	1/1	c.2T>A	p.Met1?	2/348	2/348	1/115	
NZ_CP065640.1	1486636	T	C	30.4183	GT:PL:AD	1:60,0:0,1	C	stop_lost&splice_region_variant	HIGH	I6G83_RS06900	gene-I6G83_RS06900	transcript	TRANSCRIPT_gene-I6G83_RS06900	protein_coding	1/1	c.655T>C	p.Ter219Argext*?	655/657	655/657	219/218	
NZ_CP065640.1	1486638	A	G	30.4183	GT:PL:AD	1:60,0:0,1	G	stop_lost&splice_region_variant	HIGH	I6G83_RS06900	gene-I6G83_RS06900	transcript	TRANSCRIPT_gene-I6G83_RS06900	protein_coding	1/1	c.657A>G	p.Ter219Trpext*?	657/657	657/657	219/218	
NZ_CP065640.1	1486927	C	A	30.4183	GT:PL:AD	1:60,0:0,1	A	stop_gained	HIGH	I6G83_RS06905	gene-I6G83_RS06905	transcript	TRANSCRIPT_gene-I6G83_RS06905	protein_coding	1/1	c.73G>T	p.Gly25*	73/315	73/315	25/104	
NZ_CP065640.1	1495652	A	G	30.4183	GT:PL:AD	1:60,0:0,1	G	start_lost	HIGH	I6G83_RS06950	gene-I6G83_RS06950	transcript	TRANSCRIPT_gene-I6G83_RS06950	protein_coding	1/1	c.1A>G	p.Met1?	1/738	1/738	1/245	
NZ_CP065640.1	1501587	T	G	30.4183	GT:PL:AD	1:60,0:0,1	G	stop_lost&splice_region_variant	HIGH	I6G83_RS06980	gene-I6G83_RS06980	transcript	TRANSCRIPT_gene-I6G83_RS06980	protein_coding	1/1	c.1361A>C	p.Ter454Serext*?	1361/1362	1361/1362	454/453	
NZ_CP065640.1	1542115	A	C	30.4183	GT:PL:AD	1:60,0:0,1	C	stop_gained	HIGH	I6G83_RS07150	gene-I6G83_RS07150	transcript	TRANSCRIPT_gene-I6G83_RS07150	protein_coding	1/1	c.170T>G	p.Leu57*	170/405	170/405	57/134	WARNING_TRANSCRIPT_NO_START_CODON,C|upstream_gene_variant|MODIFIER|adhE|adhE|transcript|gene-I6G83_RS07145|pseudogene||n.-518T>G|||||518
NZ_CP065640.1	1656874	T	G	30.4183	GT:PL:AD	1:60,0:0,1	G	stop_gained	HIGH	I6G83_RS07605	gene-I6G83_RS07605	transcript	TRANSCRIPT_gene-I6G83_RS07605	protein_coding	1/1	c.516T>G	p.Tyr172*	516/552	516/552	172/183	
NZ_CP065640.1	1657057	C	T	30.4183	GT:PL:AD	1:60,0:0,1	T	stop_gained	HIGH	I6G83_RS07610	gene-I6G83_RS07610	transcript	TRANSCRIPT_gene-I6G83_RS07610	protein_coding	1/1	c.668G>A	p.Trp223*	668/693	668/693	223/230	
NZ_CP065640.1	1716782	C	T	30.4183	GT:PL:AD	1:60,0:0,1	T	stop_gained	HIGH	I6G83_RS07845	gene-I6G83_RS07845	transcript	TRANSCRIPT_gene-I6G83_RS07845	protein_coding	1/1	c.1402C>T	p.Gln468*	1402/1410	1402/1410	468/469	
NZ_CP065640.1	1716790	A	G	30.4183	GT:PL:AD	1:60,0:0,1	G	stop_lost&splice_region_variant	HIGH	I6G83_RS07845	gene-I6G83_RS07845	transcript	TRANSCRIPT_gene-I6G83_RS07845	protein_coding	1/1	c.1410A>G	p.Ter470Trpext*?	1410/1410	1410/1410	470/469	
NZ_CP065640.1	1933727	G	A	30.4183	GT:PL:AD	1:60,0:0,1	A	stop_gained	HIGH	I6G83_RS08895	gene-I6G83_RS08895	transcript	TRANSCRIPT_gene-I6G83_RS08895	protein_coding	1/1	c.274C>T	p.Gln92*	274/291	274/291	92/96	
NZ_CP065640.1	1984104	T	C	30.4183	GT:PL:AD	1:60,0:0,1	C	stop_lost&splice_region_variant	HIGH	I6G83_RS09150	gene-I6G83_RS09150	transcript	TRANSCRIPT_gene-I6G83_RS09150	protein_coding	1/1	c.439T>C	p.Ter147Glnext*?	439/441	439/441	147/146	WARNING_TRANSCRIPT_NO_START_CODON,C|upstream_gene_variant|MODIFIER|I6G83_RS09125|gene-I6G83_RS09125|transcript|TRANSCRIPT_gene-I6G83_RS09125|protein_coding||c.-3598A>G|||||3598
NZ_CP065640.1	1984106	A	C	30.4183	GT:PL:AD	1:60,0:0,1	C	stop_lost&splice_region_variant	HIGH	I6G83_RS09150	gene-I6G83_RS09150	transcript	TRANSCRIPT_gene-I6G83_RS09150	protein_coding	1/1	c.441A>C	p.Ter147Tyrext*?	441/441	441/441	147/146	WARNING_TRANSCRIPT_NO_START_CODON,C|upstream_gene_variant|MODIFIER|I6G83_RS09125|gene-I6G83_RS09125|transcript|TRANSCRIPT_gene-I6G83_RS09125|protein_coding||c.-3600T>G|||||3600
NZ_CP065640.1	1984260	G	T	30.4183	GT:PL:AD	1:60,0:0,1	T	stop_gained	HIGH	I6G83_RS09155	gene-I6G83_RS09155	transcript	TRANSCRIPT_gene-I6G83_RS09155	protein_coding	1/1	c.108C>A	p.Cys36*	108/243	108/243	36/80	
NZ_CP065640.1	1984319	C	A	30.4183	GT:PL:AD	1:60,0:0,1	A	stop_gained	HIGH	I6G83_RS09155	gene-I6G83_RS09155	transcript	TRANSCRIPT_gene-I6G83_RS09155	protein_coding	1/1	c.49G>T	p.Glu17*	49/243	49/243	17/80	
NZ_CP065640.1	1984335	A	T	30.4183	GT:PL:AD	1:60,0:0,1	T	stop_gained	HIGH	I6G83_RS09155	gene-I6G83_RS09155	transcript	TRANSCRIPT_gene-I6G83_RS09155	protein_coding	1/1	c.33T>A	p.Cys11*	33/243	33/243	11/80	
NZ_CP065640.1	1984365	C	T	30.4183	GT:PL:AD	1:60,0:0,1	T	start_lost	HIGH	I6G83_RS09155	gene-I6G83_RS09155	transcript	TRANSCRIPT_gene-I6G83_RS09155	protein_coding	1/1	c.3G>A	p.Met1?	3/243	3/243	1/80	
NZ_CP065640.1	1984468	C	A	30.4183	GT:PL:AD	1:60,0:0,1	A	stop_gained	HIGH	I6G83_RS09160	gene-I6G83_RS09160	transcript	TRANSCRIPT_gene-I6G83_RS09160	protein_coding	1/1	c.1348G>T	p.Glu450*	1348/1452	1348/1452	450/483	
NZ_CP065640.1	1984790	A	T	30.4183	GT:PL:AD	1:60,0:0,1	T	stop_gained	HIGH	I6G83_RS09160	gene-I6G83_RS09160	transcript	TRANSCRIPT_gene-I6G83_RS09160	protein_coding	1/1	c.1026T>A	p.Tyr342*	1026/1452	1026/1452	342/483	
NZ_CP065640.1	1984837	G	A	30.4183	GT:PL:AD	1:60,0:0,1	A	stop_gained	HIGH	I6G83_RS09160	gene-I6G83_RS09160	transcript	TRANSCRIPT_gene-I6G83_RS09160	protein_coding	1/1	c.979C>T	p.Gln327*	979/1452	979/1452	327/483	
NZ_CP065640.1	1984954	C	A	30.4183	GT:PL:AD	1:60,0:0,1	A	stop_gained	HIGH	I6G83_RS09160	gene-I6G83_RS09160	transcript	TRANSCRIPT_gene-I6G83_RS09160	protein_coding	1/1	c.862G>T	p.Glu288*	862/1452	862/1452	288/483	
NZ_CP065640.1	1985439	A	T	30.4183	GT:PL:AD	1:60,0:0,1	T	stop_gained	HIGH	I6G83_RS09160	gene-I6G83_RS09160	transcript	TRANSCRIPT_gene-I6G83_RS09160	protein_coding	1/1	c.377T>A	p.Leu126*	377/1452	377/1452	126/483	
NZ_CP065640.1	1985506	C	A	30.4183	GT:PL:AD	1:60,0:0,1	A	stop_gained	HIGH	I6G83_RS09160	gene-I6G83_RS09160	transcript	TRANSCRIPT_gene-I6G83_RS09160	protein_coding	1/1	c.310G>T	p.Glu104*	310/1452	310/1452	104/483	
NZ_CP065640.1	1985545	C	A	30.4183	GT:PL:AD	1:60,0:0,1	A	stop_gained	HIGH	I6G83_RS09160	gene-I6G83_RS09160	transcript	TRANSCRIPT_gene-I6G83_RS09160	protein_coding	1/1	c.271G>T	p.Glu91*	271/1452	271/1452	91/483	
NZ_CP065640.1	2058562	T	G	30.4183	GT:PL:AD	1:60,0:0,1	G	stop_gained	HIGH	I6G83_RS09490	gene-I6G83_RS09490	transcript	TRANSCRIPT_gene-I6G83_RS09490	protein_coding	1/1	c.186T>G	p.Tyr62*	186/534	186/534	62/177	
NZ_CP065640.1	2058581	A	T	30.4183	GT:PL:AD	1:60,0:0,1	T	stop_gained	HIGH	I6G83_RS09490	gene-I6G83_RS09490	transcript	TRANSCRIPT_gene-I6G83_RS09490	protein_coding	1/1	c.205A>T	p.Lys69*	205/534	205/534	69/177	
NZ_CP065640.1	2058875	A	T	30.4183	GT:PL:AD	1:60,0:0,1	T	stop_gained	HIGH	I6G83_RS09490	gene-I6G83_RS09490	transcript	TRANSCRIPT_gene-I6G83_RS09490	protein_coding	1/1	c.499A>T	p.Lys167*	499/534	499/534	167/177	
NZ_CP065640.1	2058900	T	A	30.4183	GT:PL:AD	1:60,0:0,1	A	stop_gained	HIGH	I6G83_RS09490	gene-I6G83_RS09490	transcript	TRANSCRIPT_gene-I6G83_RS09490	protein_coding	1/1	c.524T>A	p.Leu175*	524/534	524/534	175/177	
NZ_CP065640.1	2102211	T	A	30.4183	GT:PL:AD	1:60,0:0,1	A	stop_gained	HIGH	I6G83_RS09710	gene-I6G83_RS09710	transcript	TRANSCRIPT_gene-I6G83_RS09710	protein_coding	1/1	c.1207A>T	p.Lys403*	1207/2130	1207/2130	403/709	
NZ_CP065640.1	2115268	C	T	30.4183	GT:PL:AD	1:60,0:0,1	T	start_lost	HIGH	I6G83_RS09760	gene-I6G83_RS09760	transcript	TRANSCRIPT_gene-I6G83_RS09760	protein_coding	1/1	c.3G>A	p.Met1?	3/405	3/405	1/134	
NZ_CP065640.1	2237575	T	G	30.4183	GT:PL:AD	1:60,0:0,1	G	stop_gained	HIGH	I6G83_RS10330	gene-I6G83_RS10330	transcript	TRANSCRIPT_gene-I6G83_RS10330	protein_coding	1/1	c.989T>G	p.Leu330*	989/1425	989/1425	330/474	
NZ_CP065640.1	2239241	G	A	30.4183	GT:PL:AD	1:60,0:0,1	A	stop_gained	HIGH	I6G83_RS10340	gene-I6G83_RS10340	transcript	TRANSCRIPT_gene-I6G83_RS10340	protein_coding	1/1	c.359G>A	p.Trp120*	359/690	359/690	120/229	
NZ_CP065640.1	2239242	G	A	30.4183	GT:PL:AD	1:60,0:0,1	A	stop_gained	HIGH	I6G83_RS10340	gene-I6G83_RS10340	transcript	TRANSCRIPT_gene-I6G83_RS10340	protein_coding	1/1	c.360G>A	p.Trp120*	360/690	360/690	120/229	
NZ_CP065640.1	2239243	G	T	30.4183	GT:PL:AD	1:60,0:0,1	T	stop_gained	HIGH	I6G83_RS10340	gene-I6G83_RS10340	transcript	TRANSCRIPT_gene-I6G83_RS10340	protein_coding	1/1	c.361G>T	p.Gly121*	361/690	361/690	121/229	
NZ_CP065640.1	2324633	A	C	30.4183	GT:PL:AD	1:60,0:0,1	C	stop_lost&splice_region_variant	HIGH	I6G83_RS10710	gene-I6G83_RS10710	transcript	TRANSCRIPT_gene-I6G83_RS10710	protein_coding	1/1	c.1151A>C	p.Ter384Serext*?	1151/1152	1151/1152	384/383	
NZ_CP065640.1	2382698	C	T	30.4183	GT:PL:AD	1:60,0:0,1	T	stop_gained	HIGH	ispD	gene-I6G83_RS10955	transcript	TRANSCRIPT_gene-I6G83_RS10955	protein_coding	1/1	c.706C>T	p.Gln236*	706/720	706/720	236/239	
NZ_CP065640.1	2420347	G	T	30.4183	GT:PL:AD	1:60,0:0,1	T	stop_gained	HIGH	I6G83_RS11180	gene-I6G83_RS11180	transcript	TRANSCRIPT_gene-I6G83_RS11180	protein_coding	1/1	c.987C>A	p.Tyr329*	987/1041	987/1041	329/346	
NZ_CP065640.1	2420395	A	C	30.4183	GT:PL:AD	1:60,0:0,1	C	stop_gained	HIGH	I6G83_RS11180	gene-I6G83_RS11180	transcript	TRANSCRIPT_gene-I6G83_RS11180	protein_coding	1/1	c.939T>G	p.Tyr313*	939/1041	939/1041	313/346	
NZ_CP065640.1	2512918	T	A	30.4183	GT:PL:AD	1:60,0:0,1	A	stop_gained	HIGH	I6G83_RS11655	gene-I6G83_RS11655	transcript	TRANSCRIPT_gene-I6G83_RS11655	protein_coding	1/1	c.459T>A	p.Tyr153*	459/849	459/849	153/282	
NZ_CP065640.1	2512956	C	A	30.4183	GT:PL:AD	1:60,0:0,1	A	stop_gained	HIGH	I6G83_RS11655	gene-I6G83_RS11655	transcript	TRANSCRIPT_gene-I6G83_RS11655	protein_coding	1/1	c.497C>A	p.Ser166*	497/849	497/849	166/282	
NZ_CP065640.1	2539464	T	G	30.4183	GT:PL:AD	1:60,0:0,1	G	stop_lost&splice_region_variant	HIGH	I6G83_RS11785	gene-I6G83_RS11785	transcript	TRANSCRIPT_gene-I6G83_RS11785	protein_coding	1/1	c.880T>G	p.Ter294Gluext*?	880/882	880/882	294/293	
NZ_CP065640.1	2693052	T	A	30.4183	GT:PL:AD	1:60,0:0,1	A	stop_gained	HIGH	I6G83_RS12540	gene-I6G83_RS12540	transcript	TRANSCRIPT_gene-I6G83_RS12540	protein_coding	1/1	c.886A>T	p.Lys296*	886/1170	886/1170	296/389	
NZ_CP065640.1	2693241	T	A	30.4183	GT:PL:AD	1:60,0:0,1	A	stop_gained	HIGH	I6G83_RS12540	gene-I6G83_RS12540	transcript	TRANSCRIPT_gene-I6G83_RS12540	protein_coding	1/1	c.697A>T	p.Lys233*	697/1170	697/1170	233/389	
NZ_CP065640.1	2693837	G	C	30.4183	GT:PL:AD	1:60,0:0,1	C	stop_gained	HIGH	I6G83_RS12540	gene-I6G83_RS12540	transcript	TRANSCRIPT_gene-I6G83_RS12540	protein_coding	1/1	c.101C>G	p.Ser34*	101/1170	101/1170	34/389	
NZ_CP065640.1	2704925	C	A	30.4183	GT:PL:AD	1:60,0:0,1	A	stop_gained	HIGH	I6G83_RS12605	gene-I6G83_RS12605	transcript	TRANSCRIPT_gene-I6G83_RS12605	protein_coding	1/1	c.185C>A	p.Ser62*	185/606	185/606	62/201	
NZ_CP065640.1	2704934	C	G	30.4183	GT:PL:AD	1:60,0:0,1	G	stop_gained	HIGH	I6G83_RS12605	gene-I6G83_RS12605	transcript	TRANSCRIPT_gene-I6G83_RS12605	protein_coding	1/1	c.194C>G	p.Ser65*	194/606	194/606	65/201	
NZ_CP065640.1	2704971	T	G	30.4183	GT:PL:AD	1:60,0:0,1	G	stop_gained	HIGH	I6G83_RS12605	gene-I6G83_RS12605	transcript	TRANSCRIPT_gene-I6G83_RS12605	protein_coding	1/1	c.231T>G	p.Tyr77*	231/606	231/606	77/201	
NZ_CP065640.1	2705119	G	T	30.4183	GT:PL:AD	1:60,0:0,1	T	stop_gained	HIGH	I6G83_RS12605	gene-I6G83_RS12605	transcript	TRANSCRIPT_gene-I6G83_RS12605	protein_coding	1/1	c.379G>T	p.Glu127*	379/606	379/606	127/201	
NZ_CP065640.1	2719618	C	T	30.4183	GT:PL:AD	1:60,0:0,1	T	stop_gained	HIGH	I6G83_RS12680	gene-I6G83_RS12680	transcript	TRANSCRIPT_gene-I6G83_RS12680	protein_coding	1/1	c.372G>A	p.Trp124*	372/411	372/411	124/136	
NZ_CP065640.1	2719619	C	T	30.4183	GT:PL:AD	1:60,0:0,1	T	stop_gained	HIGH	I6G83_RS12680	gene-I6G83_RS12680	transcript	TRANSCRIPT_gene-I6G83_RS12680	protein_coding	1/1	c.371G>A	p.Trp124*	371/411	371/411	124/136	
NZ_CP065640.1	2719782	C	A	30.4183	GT:PL:AD	1:60,0:0,1	A	stop_gained	HIGH	I6G83_RS12680	gene-I6G83_RS12680	transcript	TRANSCRIPT_gene-I6G83_RS12680	protein_coding	1/1	c.208G>T	p.Gly70*	208/411	208/411	70/136	
NZ_CP065640.1	2719783	G	T	30.4183	GT:PL:AD	1:60,0:0,1	T	stop_gained	HIGH	I6G83_RS12680	gene-I6G83_RS12680	transcript	TRANSCRIPT_gene-I6G83_RS12680	protein_coding	1/1	c.207C>A	p.Tyr69*	207/411	207/411	69/136	
NZ_CP065640.1	2720003	T	A	30.4183	GT:PL:AD	1:60,0:0,1	A	stop_gained	HIGH	I6G83_RS12685	gene-I6G83_RS12685	transcript	TRANSCRIPT_gene-I6G83_RS12685	protein_coding	1/1	c.535A>T	p.Lys179*	535/543	535/543	179/180	
NZ_CP065640.1	2720112	A	C	30.4183	GT:PL:AD	1:60,0:0,1	C	stop_gained	HIGH	I6G83_RS12685	gene-I6G83_RS12685	transcript	TRANSCRIPT_gene-I6G83_RS12685	protein_coding	1/1	c.426T>G	p.Tyr142*	426/543	426/543	142/180	
NZ_CP065640.1	2720125	A	T	30.4183	GT:PL:AD	1:60,0:0,1	T	stop_gained	HIGH	I6G83_RS12685	gene-I6G83_RS12685	transcript	TRANSCRIPT_gene-I6G83_RS12685	protein_coding	1/1	c.413T>A	p.Leu138*	413/543	413/543	138/180	
NZ_CP065640.1	2720308	A	T	30.4183	GT:PL:AD	1:60,0:0,1	T	stop_gained	HIGH	I6G83_RS12685	gene-I6G83_RS12685	transcript	TRANSCRIPT_gene-I6G83_RS12685	protein_coding	1/1	c.230T>A	p.Leu77*	230/543	230/543	77/180	
NZ_CP065640.1	2793125	T	A	30.4183	GT:PL:AD	1:60,0:0,1	A	stop_gained	HIGH	tolA	gene-I6G83_RS13035	transcript	TRANSCRIPT_gene-I6G83_RS13035	protein_coding	1/1	c.986T>A	p.Leu329*	986/1131	986/1131	329/376	
NZ_CP065640.1	2896864	A	C	30.4183	GT:PL:AD	1:60,0:0,1	C	stop_gained	HIGH	I6G83_RS13570	gene-I6G83_RS13570	transcript	TRANSCRIPT_gene-I6G83_RS13570	protein_coding	1/1	c.363T>G	p.Tyr121*	363/657	363/657	121/218	
NZ_CP065640.1	2913971	G	C	30.4183	GT:PL:AD	1:60,0:0,1	C	stop_gained	HIGH	I6G83_RS13670	gene-I6G83_RS13670	transcript	TRANSCRIPT_gene-I6G83_RS13670	protein_coding	1/1	c.12C>G	p.Tyr4*	12/162	12/162	4/53	
NZ_CP065640.1	2913980	C	A	30.4183	GT:PL:AD	1:60,0:0,1	A	start_lost	HIGH	I6G83_RS13670	gene-I6G83_RS13670	transcript	TRANSCRIPT_gene-I6G83_RS13670	protein_coding	1/1	c.3G>T	p.Met1?	3/162	3/162	1/53	
NZ_CP065640.1	3001789	C	A	30.4183	GT:PL:AD	1:60,0:0,1	A	stop_gained	HIGH	I6G83_RS14115	gene-I6G83_RS14115	transcript	TRANSCRIPT_gene-I6G83_RS14115	protein_coding	1/1	c.1067C>A	p.Ser356*	1067/1209	1067/1209	356/402	
NZ_CP065640.1	3042638	C	T	30.4183	GT:PL:AD	1:60,0:0,1	T	stop_gained	HIGH	I6G83_RS14300	gene-I6G83_RS14300	transcript	TRANSCRIPT_gene-I6G83_RS14300	protein_coding	1/1	c.34C>T	p.Arg12*	34/471	34/471	12/156	
NZ_CP065640.1	3043799	A	T	30.4183	GT:PL:AD	1:60,0:0,1	T	stop_gained	HIGH	I6G83_RS14310	gene-I6G83_RS14310	transcript	TRANSCRIPT_gene-I6G83_RS14310	protein_coding	1/1	c.121A>T	p.Arg41*	121/441	121/441	41/146	
NZ_CP065640.1	3043871	A	T	30.4183	GT:PL:AD	1:60,0:0,1	T	stop_gained	HIGH	I6G83_RS14310	gene-I6G83_RS14310	transcript	TRANSCRIPT_gene-I6G83_RS14310	protein_coding	1/1	c.193A>T	p.Lys65*	193/441	193/441	65/146	
NZ_CP065640.1	3044305	A	G	30.4183	GT:PL:AD	1:60,0:0,1	G	stop_lost&splice_region_variant	HIGH	I6G83_RS14315	gene-I6G83_RS14315	transcript	TRANSCRIPT_gene-I6G83_RS14315	protein_coding	1/1	c.313T>C	p.Ter105Glnext*?	313/315	313/315	105/104	
NZ_CP065640.1	3044483	A	C	30.4183	GT:PL:AD	1:60,0:0,1	C	stop_gained	HIGH	I6G83_RS14315	gene-I6G83_RS14315	transcript	TRANSCRIPT_gene-I6G83_RS14315	protein_coding	1/1	c.135T>G	p.Tyr45*	135/315	135/315	45/104	
NZ_CP065640.1	3087604	C	T	30.4183	GT:PL:AD	1:60,0:0,1	T	stop_gained	HIGH	I6G83_RS14490	gene-I6G83_RS14490	transcript	TRANSCRIPT_gene-I6G83_RS14490	protein_coding	1/1	c.883C>T	p.Gln295*	883/894	883/894	295/297	
NZ_CP065640.1	3088100	A	T	30.4183	GT:PL:AD	1:60,0:0,1	T	stop_gained	HIGH	I6G83_RS14495	gene-I6G83_RS14495	transcript	TRANSCRIPT_gene-I6G83_RS14495	protein_coding	1/1	c.220A>T	p.Lys74*	220/1137	220/1137	74/378	
NZ_CP065640.1	3089941	C	A	30.4183	GT:PL:AD	1:60,0:0,1	A	stop_gained	HIGH	wzc	gene-I6G83_RS14505	transcript	TRANSCRIPT_gene-I6G83_RS14505	protein_coding	1/1	c.452C>A	p.Ser151*	452/2175	452/2175	151/724	
NZ_CP065640.1	3096698	T	A	30.4183	GT:PL:AD	1:60,0:0,1	A	stop_lost&splice_region_variant	HIGH	rfbC	gene-I6G83_RS14530	transcript	TRANSCRIPT_gene-I6G83_RS14530	protein_coding	1/1	c.532T>A	p.Ter178Lysext*?	532/534	532/534	178/177	
NZ_CP065640.1	3096815	T	G	30.4183	GT:PL:AD	1:60,0:0,1	G	stop_gained	HIGH	rfbD	gene-I6G83_RS14535	transcript	TRANSCRIPT_gene-I6G83_RS14535	protein_coding	1/1	c.116T>G	p.Leu39*	116/867	116/867	39/288	
NZ_CP065640.1	3096847	C	T	30.4183	GT:PL:AD	1:60,0:0,1	T	stop_gained	HIGH	rfbD	gene-I6G83_RS14535	transcript	TRANSCRIPT_gene-I6G83_RS14535	protein_coding	1/1	c.148C>T	p.Gln50*	148/867	148/867	50/288	
NZ_CP065640.1	3096901	C	T	30.4183	GT:PL:AD	1:60,0:0,1	T	stop_gained	HIGH	rfbD	gene-I6G83_RS14535	transcript	TRANSCRIPT_gene-I6G83_RS14535	protein_coding	1/1	c.202C>T	p.Gln68*	202/867	202/867	68/288	
NZ_CP065640.1	3103793	T	G	30.4183	GT:PL:AD	1:60,0:0,1	G	stop_gained	HIGH	I6G83_RS14565	gene-I6G83_RS14565	transcript	TRANSCRIPT_gene-I6G83_RS14565	protein_coding	1/1	c.407T>G	p.Leu136*	407/1467	407/1467	136/488	WARNING_TRANSCRIPT_NO_START_CODON,G|upstream_gene_variant|MODIFIER|I6G83_RS14570|gene-I6G83_RS14570|transcript|TRANSCRIPT_gene-I6G83_RS14570|protein_coding||c.-1404T>G|||||1404|WARNING_TRANSCRIPT_NO_START_CODON,G|upstream_gene_variant|MODIFIER|I6G83_RS14575|gene-I6G83_RS14575|transcript|TRANSCRIPT_gene-I6G83_RS14575|protein_coding||c.-3216T>G|||||3216
NZ_CP065640.1	3104558	C	A	30.4183	GT:PL:AD	1:60,0:0,1	A	stop_gained	HIGH	I6G83_RS14565	gene-I6G83_RS14565	transcript	TRANSCRIPT_gene-I6G83_RS14565	protein_coding	1/1	c.1172C>A	p.Ser391*	1172/1467	1172/1467	391/488	WARNING_TRANSCRIPT_NO_START_CODON,A|upstream_gene_variant|MODIFIER|I6G83_RS14570|gene-I6G83_RS14570|transcript|TRANSCRIPT_gene-I6G83_RS14570|protein_coding||c.-639C>A|||||639|WARNING_TRANSCRIPT_NO_START_CODON,A|upstream_gene_variant|MODIFIER|I6G83_RS14575|gene-I6G83_RS14575|transcript|TRANSCRIPT_gene-I6G83_RS14575|protein_coding||c.-2451C>A|||||2451
NZ_CP065640.1	3160815	C	T	30.4183	GT:PL:AD	1:60,0:0,1	T	stop_gained	HIGH	I6G83_RS14825	gene-I6G83_RS14825	transcript	TRANSCRIPT_gene-I6G83_RS14825	protein_coding	1/1	c.121C>T	p.Gln41*	121/774	121/774	41/257	
NZ_CP065640.1	3178262	T	G	30.4183	GT:PL:AD	1:60,0:0,1	G	stop_lost&splice_region_variant	HIGH	ltaE	gene-I6G83_RS14930	transcript	TRANSCRIPT_gene-I6G83_RS14930	protein_coding	1/1	c.1019A>C	p.Ter340Serext*?	1019/1020	1019/1020	340/339	
NZ_CP065640.1	3188736	C	G	30.4183	GT:PL:AD	1:60,0:0,1	G	stop_gained	HIGH	I6G83_RS14965	gene-I6G83_RS14965	transcript	TRANSCRIPT_gene-I6G83_RS14965	protein_coding	1/1	c.533C>G	p.Ser178*	533/1755	533/1755	178/584	
NZ_CP065640.1	3188977	C	A	30.4183	GT:PL:AD	1:60,0:0,1	A	stop_gained	HIGH	I6G83_RS14965	gene-I6G83_RS14965	transcript	TRANSCRIPT_gene-I6G83_RS14965	protein_coding	1/1	c.774C>A	p.Tyr258*	774/1755	774/1755	258/584	
NZ_CP065640.1	3189768	T	A	30.4183	GT:PL:AD	1:60,0:0,1	A	stop_gained	HIGH	I6G83_RS14965	gene-I6G83_RS14965	transcript	TRANSCRIPT_gene-I6G83_RS14965	protein_coding	1/1	c.1565T>A	p.Leu522*	1565/1755	1565/1755	522/584	
NZ_CP065640.1	3189807	C	A	30.4183	GT:PL:AD	1:60,0:0,1	A	stop_gained	HIGH	I6G83_RS14965	gene-I6G83_RS14965	transcript	TRANSCRIPT_gene-I6G83_RS14965	protein_coding	1/1	c.1604C>A	p.Ser535*	1604/1755	1604/1755	535/584	
NZ_CP065640.1	3189958	A	C	30.4183	GT:PL:AD	1:60,0:0,1	C	stop_lost&splice_region_variant	HIGH	I6G83_RS14965	gene-I6G83_RS14965	transcript	TRANSCRIPT_gene-I6G83_RS14965	protein_coding	1/1	c.1755A>C	p.Ter585Tyrext*?	1755/1755	1755/1755	585/584	
NZ_CP065640.1	3492621	A	C	30.4183	GT:PL:AD	1:60,0:0,1	C	stop_lost&splice_region_variant	HIGH	I6G83_RS16330	gene-I6G83_RS16330	transcript	TRANSCRIPT_gene-I6G83_RS16330	protein_coding	1/1	c.1377A>C	p.Ter459Cysext*?	1377/1377	1377/1377	459/458	
NZ_CP065640.1	3493275	C	T	30.4183	GT:PL:AD	1:60,0:0,1	T	stop_gained	HIGH	I6G83_RS16335	gene-I6G83_RS16335	transcript	TRANSCRIPT_gene-I6G83_RS16335	protein_coding	1/1	c.658C>T	p.Gln220*	658/747	658/747	220/248	
NZ_CP065640.1	3579335	G	A	30.4183	GT:PL:AD	1:60,0:0,1	A	start_lost	HIGH	I6G83_RS16740	gene-I6G83_RS16740	transcript	TRANSCRIPT_gene-I6G83_RS16740	protein_coding	1/1	c.3G>A	p.Met1?	3/342	3/342	1/113	
NZ_CP065640.1	3583920	T	C	30.4183	GT:PL:AD	1:60,0:0,1	C	start_lost	HIGH	I6G83_RS16765	gene-I6G83_RS16765	transcript	TRANSCRIPT_gene-I6G83_RS16765	protein_coding	1/1	c.2T>C	p.Met1?	2/333	2/333	1/110	
NZ_CP065640.1	3583958	G	T	30.4183	GT:PL:AD	1:60,0:0,1	T	stop_gained	HIGH	I6G83_RS16765	gene-I6G83_RS16765	transcript	TRANSCRIPT_gene-I6G83_RS16765	protein_coding	1/1	c.40G>T	p.Glu14*	40/333	40/333	14/110	
NZ_CP065640.1	3584019	T	G	30.4183	GT:PL:AD	1:60,0:0,1	G	stop_gained	HIGH	I6G83_RS16765	gene-I6G83_RS16765	transcript	TRANSCRIPT_gene-I6G83_RS16765	protein_coding	1/1	c.101T>G	p.Leu34*	101/333	101/333	34/110	
NZ_CP065640.1	3618058	T	G	30.4183	GT:PL:AD	1:60,0:0,1	G	stop_gained	HIGH	I6G83_RS16935	gene-I6G83_RS16935	transcript	TRANSCRIPT_gene-I6G83_RS16935	protein_coding	1/1	c.14T>G	p.Leu5*	14/258	14/258	5/85	
NZ_CP065640.1	3618060	G	T	30.4183	GT:PL:AD	1:60,0:0,1	T	stop_gained	HIGH	I6G83_RS16935	gene-I6G83_RS16935	transcript	TRANSCRIPT_gene-I6G83_RS16935	protein_coding	1/1	c.16G>T	p.Gly6*	16/258	16/258	6/85	
NZ_CP065640.1	3618215	G	A	30.4183	GT:PL:AD	1:60,0:0,1	A	stop_gained	HIGH	I6G83_RS16935	gene-I6G83_RS16935	transcript	TRANSCRIPT_gene-I6G83_RS16935	protein_coding	1/1	c.171G>A	p.Trp57*	171/258	171/258	57/85	
NZ_CP065640.1	3630433	G	A	30.4183	GT:PL:AD	1:60,0:0,1	A	stop_gained	HIGH	I6G83_RS17005	gene-I6G83_RS17005	transcript	TRANSCRIPT_gene-I6G83_RS17005	protein_coding	1/1	c.45G>A	p.Trp15*	45/1014	45/1014	15/337	
NZ_CP065640.1	3733322	G	T	30.4183	GT:PL:AD	1:60,0:0,1	T	stop_gained	HIGH	I6G83_RS17490	gene-I6G83_RS17490	transcript	TRANSCRIPT_gene-I6G83_RS17490	protein_coding	1/1	c.961G>T	p.Glu321*	961/1050	961/1050	321/349	
NZ_CP065640.1	3733348	T	A	30.4183	GT:PL:AD	1:60,0:0,1	A	stop_gained	HIGH	I6G83_RS17490	gene-I6G83_RS17490	transcript	TRANSCRIPT_gene-I6G83_RS17490	protein_coding	1/1	c.987T>A	p.Tyr329*	987/1050	987/1050	329/349	
NZ_CP065640.1	3826171	A	T	30.4183	GT:PL:AD	1:60,0:0,1	T	stop_gained	HIGH	I6G83_RS17965	gene-I6G83_RS17965	transcript	TRANSCRIPT_gene-I6G83_RS17965	protein_coding	1/1	c.329T>A	p.Leu110*	329/648	329/648	110/215	
NZ_CP065640.1	3826343	G	A	30.4183	GT:PL:AD	1:60,0:0,1	A	stop_gained	HIGH	I6G83_RS17965	gene-I6G83_RS17965	transcript	TRANSCRIPT_gene-I6G83_RS17965	protein_coding	1/1	c.157C>T	p.Gln53*	157/648	157/648	53/215	
NZ_CP065640.1	3826434	G	C	30.4183	GT:PL:AD	1:60,0:0,1	C	stop_gained	HIGH	I6G83_RS17965	gene-I6G83_RS17965	transcript	TRANSCRIPT_gene-I6G83_RS17965	protein_coding	1/1	c.66C>G	p.Tyr22*	66/648	66/648	22/215	
NZ_CP065640.1	3854504	C	G	30.4183	GT:PL:AD	1:60,0:0,1	G	stop_lost&splice_region_variant	HIGH	I6G83_RS18090	gene-I6G83_RS18090	transcript	TRANSCRIPT_gene-I6G83_RS18090	protein_coding	1/1	c.1391G>C	p.Ter464Serext*?	1391/1392	1391/1392	464/463	
NZ_CP065640.1	3854505	A	G	30.4183	GT:PL:AD	1:60,0:0,1	G	stop_lost&splice_region_variant	HIGH	I6G83_RS18090	gene-I6G83_RS18090	transcript	TRANSCRIPT_gene-I6G83_RS18090	protein_coding	1/1	c.1390T>C	p.Ter464Argext*?	1390/1392	1390/1392	464/463	
NZ_CP065640.1	3880276	A	G	30.4183	GT:PL:AD	1:60,0:0,1	G	start_lost	HIGH	I6G83_RS18215	gene-I6G83_RS18215	transcript	TRANSCRIPT_gene-I6G83_RS18215	protein_coding	1/1	c.1A>G	p.Met1?	1/348	1/348	1/115	
NZ_CP065640.1	3880441	G	T	30.4183	GT:PL:AD	1:60,0:0,1	T	stop_gained	HIGH	I6G83_RS18215	gene-I6G83_RS18215	transcript	TRANSCRIPT_gene-I6G83_RS18215	protein_coding	1/1	c.166G>T	p.Glu56*	166/348	166/348	56/115	
NZ_CP065640.1	3880462	G	T	30.4183	GT:PL:AD	1:60,0:0,1	T	stop_gained	HIGH	I6G83_RS18215	gene-I6G83_RS18215	transcript	TRANSCRIPT_gene-I6G83_RS18215	protein_coding	1/1	c.187G>T	p.Glu63*	187/348	187/348	63/115	
NZ_CP065640.1	3880561	A	T	30.4183	GT:PL:AD	1:60,0:0,1	T	stop_gained	HIGH	I6G83_RS18215	gene-I6G83_RS18215	transcript	TRANSCRIPT_gene-I6G83_RS18215	protein_coding	1/1	c.286A>T	p.Lys96*	286/348	286/348	96/115	
NZ_CP065640.1	3880588	A	T	30.4183	GT:PL:AD	1:60,0:0,1	T	stop_gained	HIGH	I6G83_RS18215	gene-I6G83_RS18215	transcript	TRANSCRIPT_gene-I6G83_RS18215	protein_coding	1/1	c.313A>T	p.Lys105*	313/348	313/348	105/115	
NZ_CP065640.1	3880604	T	A	30.4183	GT:PL:AD	1:60,0:0,1	A	stop_gained	HIGH	I6G83_RS18215	gene-I6G83_RS18215	transcript	TRANSCRIPT_gene-I6G83_RS18215	protein_coding	1/1	c.329T>A	p.Leu110*	329/348	329/348	110/115	
NZ_CP065640.1	3880623	A	C	30.4183	GT:PL:AD	1:60,0:0,1	C	stop_lost&splice_region_variant	HIGH	I6G83_RS18215	gene-I6G83_RS18215	transcript	TRANSCRIPT_gene-I6G83_RS18215	protein_coding	1/1	c.348A>C	p.Ter116Cysext*?	348/348	348/348	116/115	
NZ_CP065640.1	3910372	G	A	30.4183	GT:PL:AD	1:60,0:0,1	A	stop_gained	HIGH	acpS	gene-I6G83_RS18335	transcript	TRANSCRIPT_gene-I6G83_RS18335	protein_coding	1/1	c.30G>A	p.Trp10*	30/483	30/483	10/160	
NZ_CP065640.1	3940676	A	T	30.4183	GT:PL:AD	1:60,0:0,1	T	stop_gained	HIGH	I6G83_RS18475	gene-I6G83_RS18475	transcript	TRANSCRIPT_gene-I6G83_RS18475	protein_coding	1/1	c.181A>T	p.Lys61*	181/204	181/204	61/67	
NZ_CP065640.1	3954665	A	G	30.4183	GT:PL:AD	1:60,0:0,1	G	start_lost	HIGH	I6G83_RS18540	gene-I6G83_RS18540	transcript	TRANSCRIPT_gene-I6G83_RS18540	protein_coding	1/1	c.2T>C	p.Met1?	2/435	2/435	1/144	
NZ_CP065640.1	3968477	G	T	30.4183	GT:PL:AD	1:60,0:0,1	T	stop_gained	HIGH	ccdB	gene-I6G83_RS18610	transcript	TRANSCRIPT_gene-I6G83_RS18610	protein_coding	1/1	c.221C>A	p.Ser74*	221/306	221/306	74/101	
NZ_CP065640.1	3968545	A	C	30.4183	GT:PL:AD	1:60,0:0,1	C	stop_gained	HIGH	ccdB	gene-I6G83_RS18610	transcript	TRANSCRIPT_gene-I6G83_RS18610	protein_coding	1/1	c.153T>G	p.Tyr51*	153/306	153/306	51/101	
NZ_CP065640.1	3968680	G	C	30.4183	GT:PL:AD	1:60,0:0,1	C	stop_gained	HIGH	ccdB	gene-I6G83_RS18610	transcript	TRANSCRIPT_gene-I6G83_RS18610	protein_coding	1/1	c.18C>G	p.Tyr6*	18/306	18/306	6/101	
NZ_CP065640.1	3968699	T	G	30.4183	GT:PL:AD	1:60,0:0,1	G	stop_lost&splice_region_variant	HIGH	ccdA	gene-I6G83_RS18615	transcript	TRANSCRIPT_gene-I6G83_RS18615	protein_coding	1/1	c.219A>C	p.Ter73Cysext*?	219/219	219/219	73/72	
NZ_CP065640.1	3968700	C	A	30.4183	GT:PL:AD	1:60,0:0,1	A	stop_lost&splice_region_variant	HIGH	ccdA	gene-I6G83_RS18615	transcript	TRANSCRIPT_gene-I6G83_RS18615	protein_coding	1/1	c.218G>T	p.Ter73Leuext*?	218/219	218/219	73/72	
NZ_CP065640.1	3968770	C	A	30.4183	GT:PL:AD	1:60,0:0,1	A	stop_gained	HIGH	ccdA	gene-I6G83_RS18615	transcript	TRANSCRIPT_gene-I6G83_RS18615	protein_coding	1/1	c.148G>T	p.Glu50*	148/219	148/219	50/72	
NZ_CP065640.1	3968815	C	A	30.4183	GT:PL:AD	1:60,0:0,1	A	stop_gained	HIGH	ccdA	gene-I6G83_RS18615	transcript	TRANSCRIPT_gene-I6G83_RS18615	protein_coding	1/1	c.103G>T	p.Glu35*	103/219	103/219	35/72	
NZ_CP065640.1	3968915	C	G	30.4183	GT:PL:AD	1:60,0:0,1	G	start_lost	HIGH	ccdA	gene-I6G83_RS18615	transcript	TRANSCRIPT_gene-I6G83_RS18615	protein_coding	1/1	c.3G>C	p.Met1?	3/219	3/219	1/72	
NZ_CP065640.1	3968917	T	C	30.4183	GT:PL:AD	1:60,0:0,1	C	start_lost	HIGH	ccdA	gene-I6G83_RS18615	transcript	TRANSCRIPT_gene-I6G83_RS18615	protein_coding	1/1	c.1A>G	p.Met1?	1/219	1/219	1/72	
NZ_CP065640.1	3991657	C	A	30.4183	GT:PL:AD	1:60,0:0,1	A	stop_gained	HIGH	I6G83_RS18715	gene-I6G83_RS18715	transcript	TRANSCRIPT_gene-I6G83_RS18715	protein_coding	1/1	c.443C>A	p.Ser148*	443/1134	443/1134	148/377	
NZ_CP065640.1	3993194	C	T	30.4183	GT:PL:AD	1:60,0:0,1	T	stop_gained	HIGH	I6G83_RS18725	gene-I6G83_RS18725	transcript	TRANSCRIPT_gene-I6G83_RS18725	protein_coding	1/1	c.184C>T	p.Gln62*	184/312	184/312	62/103	
NZ_CP065640.1	4059176	G	A	30.4183	GT:PL:AD	1:60,0:0,1	A	stop_gained	HIGH	nudI	gene-I6G83_RS19085	transcript	TRANSCRIPT_gene-I6G83_RS19085	protein_coding	1/1	c.347G>A	p.Trp116*	347/426	347/426	116/141	
NZ_CP065640.1	4059871	G	A	30.4183	GT:PL:AD	1:60,0:0,1	A	stop_gained	HIGH	I6G83_RS19090	gene-I6G83_RS19090	transcript	TRANSCRIPT_gene-I6G83_RS19090	protein_coding	1/1	c.289C>T	p.Gln97*	289/792	289/792	97/263	
NZ_CP065640.1	4085851	C	A	30.4183	GT:PL:AD	1:60,0:0,1	A	stop_gained	HIGH	I6G83_RS19205	gene-I6G83_RS19205	transcript	TRANSCRIPT_gene-I6G83_RS19205	protein_coding	1/1	c.907G>T	p.Glu303*	907/921	907/921	303/306	
NZ_CP065640.1	4091114	G	A	30.4183	GT:PL:AD	1:60,0:0,1	A	stop_gained	HIGH	I6G83_RS19225	gene-I6G83_RS19225	transcript	TRANSCRIPT_gene-I6G83_RS19225	protein_coding	1/1	c.724C>T	p.Gln242*	724/1557	724/1557	242/518	
NZ_CP065640.1	4092023	C	T	30.4183	GT:PL:AD	1:60,0:0,1	T	stop_gained	HIGH	I6G83_RS19230	gene-I6G83_RS19230	transcript	TRANSCRIPT_gene-I6G83_RS19230	protein_coding	1/1	c.3828G>A	p.Trp1276*	3828/4017	3828/4017	1276/1338	
NZ_CP065640.1	4092647	C	T	30.4183	GT:PL:AD	1:60,0:0,1	T	stop_gained	HIGH	I6G83_RS19230	gene-I6G83_RS19230	transcript	TRANSCRIPT_gene-I6G83_RS19230	protein_coding	1/1	c.3204G>A	p.Trp1068*	3204/4017	3204/4017	1068/1338	
NZ_CP065640.1	4092847	T	A	30.4183	GT:PL:AD	1:60,0:0,1	A	stop_gained	HIGH	I6G83_RS19230	gene-I6G83_RS19230	transcript	TRANSCRIPT_gene-I6G83_RS19230	protein_coding	1/1	c.3004A>T	p.Arg1002*	3004/4017	3004/4017	1002/1338	
NZ_CP065640.1	4094392	C	A	30.4183	GT:PL:AD	1:60,0:0,1	A	stop_gained	HIGH	I6G83_RS19230	gene-I6G83_RS19230	transcript	TRANSCRIPT_gene-I6G83_RS19230	protein_coding	1/1	c.1459G>T	p.Glu487*	1459/4017	1459/4017	487/1338	
NZ_CP065640.1	4095523	C	A	30.4183	GT:PL:AD	1:60,0:0,1	A	stop_gained	HIGH	I6G83_RS19230	gene-I6G83_RS19230	transcript	TRANSCRIPT_gene-I6G83_RS19230	protein_coding	1/1	c.328G>T	p.Glu110*	328/4017	328/4017	110/1338	
NZ_CP065640.1	4110493	C	A	30.4183	GT:PL:AD	1:60,0:0,1	A	stop_lost&splice_region_variant	HIGH	I6G83_RS19300	gene-I6G83_RS19300	transcript	TRANSCRIPT_gene-I6G83_RS19300	protein_coding	1/1	c.593G>T	p.Ter198Leuext*?	593/594	593/594	198/197	
NZ_CP065640.1	4161817	G	C	30.4183	GT:PL:AD	1:60,0:0,1	C	stop_gained	HIGH	tonB	gene-I6G83_RS19555	transcript	TRANSCRIPT_gene-I6G83_RS19555	protein_coding	1/1	c.521C>G	p.Ser174*	521/753	521/753	174/250	
NZ_CP065640.1	4224983	C	T	30.4183	GT:PL:AD	1:60,0:0,1	T	stop_gained	HIGH	dsbB	gene-I6G83_RS19865	transcript	TRANSCRIPT_gene-I6G83_RS19865	protein_coding	1/1	c.511C>T	p.Gln171*	511/519	511/519	171/172	
NZ_CP065640.1	4226483	T	G	30.4183	GT:PL:AD	1:60,0:0,1	G	stop_gained	HIGH	I6G83_RS19870	gene-I6G83_RS19870	transcript	TRANSCRIPT_gene-I6G83_RS19870	protein_coding	1/1	c.1050T>G	p.Tyr350*	1050/1185	1050/1185	350/394	
NZ_CP065640.1	4262368	G	A	30.4183	GT:PL:AD	1:60,0:0,1	A	stop_gained	HIGH	I6G83_RS20075	gene-I6G83_RS20075	transcript	TRANSCRIPT_gene-I6G83_RS20075	protein_coding	1/1	c.337C>T	p.Gln113*	337/360	337/360	113/119	
NZ_CP065640.1	4262433	A	T	30.4183	GT:PL:AD	1:60,0:0,1	T	stop_gained	HIGH	I6G83_RS20075	gene-I6G83_RS20075	transcript	TRANSCRIPT_gene-I6G83_RS20075	protein_coding	1/1	c.272T>A	p.Leu91*	272/360	272/360	91/119	
NZ_CP065640.1	4275340	T	C	30.4183	GT:PL:AD	1:60,0:0,1	C	start_lost	HIGH	I6G83_RS20125	gene-I6G83_RS20125	transcript	TRANSCRIPT_gene-I6G83_RS20125	protein_coding	1/1	c.1A>G	p.Met1?	1/1224	1/1224	1/407	
NZ_CP065640.1	4309816	G	T	30.4183	GT:PL:AD	1:60,0:0,1	T	stop_gained	HIGH	I6G83_RS20295	gene-I6G83_RS20295	transcript	TRANSCRIPT_gene-I6G83_RS20295	protein_coding	1/1	c.286G>T	p.Glu96*	286/432	286/432	96/143	WARNING_TRANSCRIPT_NO_START_CODON,T|upstream_gene_variant|MODIFIER|ychH|gene-I6G83_RS20275|transcript|TRANSCRIPT_gene-I6G83_RS20275|protein_coding||c.-4855C>A|||||4855
NZ_CP065640.1	4348137	G	T	30.4183	GT:PL:AD	1:60,0:0,1	T	start_lost	HIGH	I6G83_RS23660	gene-I6G83_RS23660	transcript	TRANSCRIPT_gene-I6G83_RS23660	protein_coding	1/1	c.3G>T	p.Met1?	3/129	3/129	1/42	
NZ_CP065640.1	4348201	G	T	30.4183	GT:PL:AD	1:60,0:0,1	T	stop_gained	HIGH	I6G83_RS23660	gene-I6G83_RS23660	transcript	TRANSCRIPT_gene-I6G83_RS23660	protein_coding	1/1	c.67G>T	p.Glu23*	67/129	67/129	23/42	
NZ_CP065640.1	4418529	G	T	30.4183	GT:PL:AD	1:60,0:0,1	T	stop_gained	HIGH	wecA	gene-I6G83_RS20840	transcript	TRANSCRIPT_gene-I6G83_RS20840	protein_coding	1/1	c.1031C>A	p.Ser344*	1031/1050	1031/1050	344/349	
NZ_CP065640.1	4457107	T	A	30.4183	GT:PL:AD	1:60,0:0,1	A	stop_gained	HIGH	I6G83_RS20970	gene-I6G83_RS20970	transcript	TRANSCRIPT_gene-I6G83_RS20970	protein_coding	1/1	c.496A>T	p.Lys166*	496/1056	496/1056	166/351	
NZ_CP065640.1	4525903	G	A	30.4183	GT:PL:AD	1:60,0:0,1	A	stop_gained	HIGH	I6G83_RS21315	gene-I6G83_RS21315	transcript	TRANSCRIPT_gene-I6G83_RS21315	protein_coding	1/1	c.294G>A	p.Trp98*	294/507	294/507	98/168	
NZ_CP065640.1	4526279	C	A	30.4183	GT:PL:AD	1:60,0:0,1	A	stop_gained	HIGH	I6G83_RS21320	gene-I6G83_RS21320	transcript	TRANSCRIPT_gene-I6G83_RS21320	protein_coding	1/1	c.167C>A	p.Ser56*	167/444	167/444	56/147	
NZ_CP065640.1	4526386	A	T	30.4183	GT:PL:AD	1:60,0:0,1	T	stop_gained	HIGH	I6G83_RS21320	gene-I6G83_RS21320	transcript	TRANSCRIPT_gene-I6G83_RS21320	protein_coding	1/1	c.274A>T	p.Lys92*	274/444	274/444	92/147	
NZ_CP065640.1	4533776	C	T	30.4183	GT:PL:AD	1:60,0:0,1	T	stop_gained	HIGH	I6G83_RS21365	gene-I6G83_RS21365	transcript	TRANSCRIPT_gene-I6G83_RS21365	protein_coding	1/1	c.325C>T	p.Gln109*	325/822	325/822	109/273	WARNING_TRANSCRIPT_NO_START_CODON,T|upstream_gene_variant|MODIFIER|I6G83_RS21370|gene-I6G83_RS21370|transcript|TRANSCRIPT_gene-I6G83_RS21370|protein_coding||c.-499C>T|||||499
NZ_CP065640.1	4601081	G	A	30.4183	GT:PL:AD	1:60,0:0,1	A	stop_gained	HIGH	I6G83_RS21675	gene-I6G83_RS21675	transcript	TRANSCRIPT_gene-I6G83_RS21675	protein_coding	1/1	c.187C>T	p.Gln63*	187/366	187/366	63/121	
NZ_CP065640.1	4601259	C	T	30.4183	GT:PL:AD	1:60,0:0,1	T	stop_gained	HIGH	I6G83_RS21675	gene-I6G83_RS21675	transcript	TRANSCRIPT_gene-I6G83_RS21675	protein_coding	1/1	c.9G>A	p.Trp3*	9/366	9/366	3/121	
NZ_CP065640.1	4648265	C	T	30.4183	GT:PL:AD	1:60,0:0,1	T	stop_gained	HIGH	I6G83_RS21880	gene-I6G83_RS21880	transcript	TRANSCRIPT_gene-I6G83_RS21880	protein_coding	1/1	c.1672C>T	p.Gln558*	1672/1701	1672/1701	558/566	
NZ_CP065640.1	4648292	T	C	30.4183	GT:PL:AD	1:60,0:0,1	C	stop_lost&splice_region_variant	HIGH	I6G83_RS21880	gene-I6G83_RS21880	transcript	TRANSCRIPT_gene-I6G83_RS21880	protein_coding	1/1	c.1699T>C	p.Ter567Glnext*?	1699/1701	1699/1701	567/566	
NZ_CP065640.1	4648905	A	T	30.4183	GT:PL:AD	1:60,0:0,1	T	stop_gained	HIGH	I6G83_RS21890	gene-I6G83_RS21890	transcript	TRANSCRIPT_gene-I6G83_RS21890	protein_coding	1/1	c.25A>T	p.Lys9*	25/258	25/258	9/85	
NZ_CP065640.1	4653139	G	A	30.4183	GT:PL:AD	1:60,0:0,1	A	stop_gained	HIGH	I6G83_RS21905	gene-I6G83_RS21905	transcript	TRANSCRIPT_gene-I6G83_RS21905	protein_coding	1/1	c.3745C>T	p.Gln1249*	3745/5121	3745/5121	1249/1706	
NZ_CP065640.1	4653157	C	A	30.4183	GT:PL:AD	1:60,0:0,1	A	stop_gained	HIGH	I6G83_RS21905	gene-I6G83_RS21905	transcript	TRANSCRIPT_gene-I6G83_RS21905	protein_coding	1/1	c.3727G>T	p.Glu1243*	3727/5121	3727/5121	1243/1706	
NZ_CP065640.1	4653319	G	A	30.4183	GT:PL:AD	1:60,0:0,1	A	stop_gained	HIGH	I6G83_RS21905	gene-I6G83_RS21905	transcript	TRANSCRIPT_gene-I6G83_RS21905	protein_coding	1/1	c.3565C>T	p.Gln1189*	3565/5121	3565/5121	1189/1706	
NZ_CP065640.1	4653547	G	A	30.4183	GT:PL:AD	1:60,0:0,1	A	stop_gained	HIGH	I6G83_RS21905	gene-I6G83_RS21905	transcript	TRANSCRIPT_gene-I6G83_RS21905	protein_coding	1/1	c.3337C>T	p.Gln1113*	3337/5121	3337/5121	1113/1706	
NZ_CP065640.1	4653817	G	A	30.4183	GT:PL:AD	1:60,0:0,1	A	stop_gained	HIGH	I6G83_RS21905	gene-I6G83_RS21905	transcript	TRANSCRIPT_gene-I6G83_RS21905	protein_coding	1/1	c.3067C>T	p.Gln1023*	3067/5121	3067/5121	1023/1706	
NZ_CP065640.1	4653830	G	C	30.4183	GT:PL:AD	1:60,0:0,1	C	stop_gained	HIGH	I6G83_RS21905	gene-I6G83_RS21905	transcript	TRANSCRIPT_gene-I6G83_RS21905	protein_coding	1/1	c.3054C>G	p.Tyr1018*	3054/5121	3054/5121	1018/1706	
NZ_CP065640.1	4667043	C	T	30.4183	GT:PL:AD	1:60,0:0,1	T	stop_gained	HIGH	I6G83_RS21950	gene-I6G83_RS21950	transcript	TRANSCRIPT_gene-I6G83_RS21950	protein_coding	1/1	c.874C>T	p.Gln292*	874/1185	874/1185	292/394	
NZ_CP065640.1	4669510	G	A	30.4183	GT:PL:AD	1:60,0:0,1	A	stop_gained	HIGH	I6G83_RS21965	gene-I6G83_RS21965	transcript	TRANSCRIPT_gene-I6G83_RS21965	protein_coding	1/1	c.292C>T	p.Gln98*	292/762	292/762	98/253	
NZ_CP065640.1	4669592	A	T	30.4183	GT:PL:AD	1:60,0:0,1	T	stop_gained	HIGH	I6G83_RS21965	gene-I6G83_RS21965	transcript	TRANSCRIPT_gene-I6G83_RS21965	protein_coding	1/1	c.210T>A	p.Tyr70*	210/762	210/762	70/253	
NZ_CP065640.1	4676206	C	T	30.4183	GT:PL:AD	1:60,0:0,1	T	stop_gained	HIGH	I6G83_RS22000	gene-I6G83_RS22000	transcript	TRANSCRIPT_gene-I6G83_RS22000	protein_coding	1/1	c.530G>A	p.Trp177*	530/1005	530/1005	177/334	
NZ_CP065640.1	4676413	G	C	30.4183	GT:PL:AD	1:60,0:0,1	C	stop_gained	HIGH	I6G83_RS22000	gene-I6G83_RS22000	transcript	TRANSCRIPT_gene-I6G83_RS22000	protein_coding	1/1	c.323C>G	p.Ser108*	323/1005	323/1005	108/334	
NZ_CP065640.1	4676558	C	A	30.4183	GT:PL:AD	1:60,0:0,1	A	stop_gained	HIGH	I6G83_RS22000	gene-I6G83_RS22000	transcript	TRANSCRIPT_gene-I6G83_RS22000	protein_coding	1/1	c.178G>T	p.Glu60*	178/1005	178/1005	60/334	
NZ_CP065640.1	4676716	A	T	30.4183	GT:PL:AD	1:60,0:0,1	T	stop_gained	HIGH	I6G83_RS22000	gene-I6G83_RS22000	transcript	TRANSCRIPT_gene-I6G83_RS22000	protein_coding	1/1	c.20T>A	p.Leu7*	20/1005	20/1005	7/334	
NZ_CP065640.1	4676719	A	T	30.4183	GT:PL:AD	1:60,0:0,1	T	stop_gained	HIGH	I6G83_RS22000	gene-I6G83_RS22000	transcript	TRANSCRIPT_gene-I6G83_RS22000	protein_coding	1/1	c.17T>A	p.Leu6*	17/1005	17/1005	6/334	
NZ_CP065640.1	4677640	G	C	30.4183	GT:PL:AD	1:60,0:0,1	C	stop_gained	HIGH	I6G83_RS22005	gene-I6G83_RS22005	transcript	TRANSCRIPT_gene-I6G83_RS22005	protein_coding	1/1	c.185C>G	p.Ser62*	185/1038	185/1038	62/345	
NZ_CP065640.1	4685113	C	T	30.4183	GT:PL:AD	1:60,0:0,1	T	stop_gained	HIGH	I6G83_RS22045	gene-I6G83_RS22045	transcript	TRANSCRIPT_gene-I6G83_RS22045	protein_coding	1/1	c.337C>T	p.Gln113*	337/825	337/825	113/274	WARNING_TRANSCRIPT_NO_START_CODON,T|upstream_gene_variant|MODIFIER|I6G83_RS22025|gene-I6G83_RS22025|transcript|TRANSCRIPT_gene-I6G83_RS22025|protein_coding||c.-4694G>A|||||4694
NZ_CP065640.1	4685161	C	T	30.4183	GT:PL:AD	1:60,0:0,1	T	stop_gained	HIGH	I6G83_RS22045	gene-I6G83_RS22045	transcript	TRANSCRIPT_gene-I6G83_RS22045	protein_coding	1/1	c.385C>T	p.Gln129*	385/825	385/825	129/274	WARNING_TRANSCRIPT_NO_START_CODON,T|upstream_gene_variant|MODIFIER|I6G83_RS22025|gene-I6G83_RS22025|transcript|TRANSCRIPT_gene-I6G83_RS22025|protein_coding||c.-4742G>A|||||4742
NZ_CP065640.1	4685657	C	T	30.4183	GT:PL:AD	1:60,0:0,1	T	stop_gained	HIGH	I6G83_RS22050	gene-I6G83_RS22050	transcript	TRANSCRIPT_gene-I6G83_RS22050	protein_coding	1/1	c.55C>T	p.Gln19*	55/474	55/474	19/157	
NZ_CP065640.1	4686412	A	T	30.4183	GT:PL:AD	1:60,0:0,1	T	stop_gained	HIGH	pyk	gene-I6G83_RS22055	transcript	TRANSCRIPT_gene-I6G83_RS22055	protein_coding	1/1	c.64A>T	p.Lys22*	64/1428	64/1428	22/475	
NZ_CP065640.1	4686581	C	G	30.4183	GT:PL:AD	1:60,0:0,1	G	stop_gained	HIGH	pyk	gene-I6G83_RS22055	transcript	TRANSCRIPT_gene-I6G83_RS22055	protein_coding	1/1	c.233C>G	p.Ser78*	233/1428	233/1428	78/475	
NZ_CP065640.1	4686778	A	T	30.4183	GT:PL:AD	1:60,0:0,1	T	stop_gained	HIGH	pyk	gene-I6G83_RS22055	transcript	TRANSCRIPT_gene-I6G83_RS22055	protein_coding	1/1	c.430A>T	p.Lys144*	430/1428	430/1428	144/475	
NZ_CP065640.1	4687066	G	T	30.4183	GT:PL:AD	1:60,0:0,1	T	stop_gained	HIGH	pyk	gene-I6G83_RS22055	transcript	TRANSCRIPT_gene-I6G83_RS22055	protein_coding	1/1	c.718G>T	p.Glu240*	718/1428	718/1428	240/475	
NZ_CP065640.1	4687516	C	T	30.4183	GT:PL:AD	1:60,0:0,1	T	stop_gained	HIGH	pyk	gene-I6G83_RS22055	transcript	TRANSCRIPT_gene-I6G83_RS22055	protein_coding	1/1	c.1168C>T	p.Gln390*	1168/1428	1168/1428	390/475	
NZ_CP065640.1	4687778	T	A	30.4183	GT:PL:AD	1:60,0:0,1	A	start_lost	HIGH	I6G83_RS22060	gene-I6G83_RS22060	transcript	TRANSCRIPT_gene-I6G83_RS22060	protein_coding	1/1	c.2T>A	p.Met1?	2/735	2/735	1/244	
NZ_CP065640.1	4687780	G	T	30.4183	GT:PL:AD	1:60,0:0,1	T	stop_gained	HIGH	I6G83_RS22060	gene-I6G83_RS22060	transcript	TRANSCRIPT_gene-I6G83_RS22060	protein_coding	1/1	c.4G>T	p.Glu2*	4/735	4/735	2/244	
NZ_CP065640.1	4687791	C	A	30.4183	GT:PL:AD	1:60,0:0,1	A	stop_gained	HIGH	I6G83_RS22060	gene-I6G83_RS22060	transcript	TRANSCRIPT_gene-I6G83_RS22060	protein_coding	1/1	c.15C>A	p.Tyr5*	15/735	15/735	5/244	
NZ_CP065640.1	4689738	C	A	30.4183	GT:PL:AD	1:60,0:0,1	A	stop_gained	HIGH	I6G83_RS22070	gene-I6G83_RS22070	transcript	TRANSCRIPT_gene-I6G83_RS22070	protein_coding	1/1	c.292G>T	p.Glu98*	292/633	292/633	98/210	
NZ_CP065640.1	4713806	A	G	30.4183	GT:PL:AD	1:60,0:0,1	G	start_lost	HIGH	citG	gene-I6G83_RS22175	transcript	TRANSCRIPT_gene-I6G83_RS22175	protein_coding	1/1	c.2T>C	p.Leu1?	2/894	2/894	1/297	
NZ_CP065640.1	4740064	G	A	30.4183	GT:PL:AD	1:60,0:0,1	A	stop_gained	HIGH	mgrA	gene-I6G83_RS22325	transcript	TRANSCRIPT_gene-I6G83_RS22325	protein_coding	1/1	c.970C>T	p.Gln324*	970/1035	970/1035	324/344	
NZ_CP065640.1	4740226	G	A	30.4183	GT:PL:AD	1:60,0:0,1	A	stop_gained	HIGH	mgrA	gene-I6G83_RS22325	transcript	TRANSCRIPT_gene-I6G83_RS22325	protein_coding	1/1	c.808C>T	p.Gln270*	808/1035	808/1035	270/344	
NZ_CP065640.1	4740397	C	A	30.4183	GT:PL:AD	1:60,0:0,1	A	stop_gained	HIGH	mgrA	gene-I6G83_RS22325	transcript	TRANSCRIPT_gene-I6G83_RS22325	protein_coding	1/1	c.637G>T	p.Glu213*	637/1035	637/1035	213/344	
NZ_CP065640.1	4740446	G	T	30.4183	GT:PL:AD	1:60,0:0,1	T	stop_gained	HIGH	mgrA	gene-I6G83_RS22325	transcript	TRANSCRIPT_gene-I6G83_RS22325	protein_coding	1/1	c.588C>A	p.Tyr196*	588/1035	588/1035	196/344	
NZ_CP065640.1	4740478	T	A	30.4183	GT:PL:AD	1:60,0:0,1	A	stop_gained	HIGH	mgrA	gene-I6G83_RS22325	transcript	TRANSCRIPT_gene-I6G83_RS22325	protein_coding	1/1	c.556A>T	p.Lys186*	556/1035	556/1035	186/344	
NZ_CP065640.1	4740814	C	A	30.4183	GT:PL:AD	1:60,0:0,1	A	stop_gained	HIGH	mgrA	gene-I6G83_RS22325	transcript	TRANSCRIPT_gene-I6G83_RS22325	protein_coding	1/1	c.220G>T	p.Glu74*	220/1035	220/1035	74/344	
NZ_CP065640.1	4740936	C	T	30.4183	GT:PL:AD	1:60,0:0,1	T	stop_gained	HIGH	mgrA	gene-I6G83_RS22325	transcript	TRANSCRIPT_gene-I6G83_RS22325	protein_coding	1/1	c.98G>A	p.Trp33*	98/1035	98/1035	33/344	
NZ_CP065640.1	4741031	C	T	30.4183	GT:PL:AD	1:60,0:0,1	T	start_lost	HIGH	mgrA	gene-I6G83_RS22325	transcript	TRANSCRIPT_gene-I6G83_RS22325	protein_coding	1/1	c.3G>A	p.Met1?	3/1035	3/1035	1/344	
NZ_CP065640.1	4759394	A	C	30.4183	GT:PL:AD	1:60,0:0,1	C	stop_gained	HIGH	I6G83_RS22415	gene-I6G83_RS22415	transcript	TRANSCRIPT_gene-I6G83_RS22415	protein_coding	1/1	c.116T>G	p.Leu39*	116/405	116/405	39/134	WARNING_TRANSCRIPT_NO_START_CODON,C|upstream_gene_variant|MODIFIER|I6G83_RS22400|gene-I6G83_RS22400|transcript|TRANSCRIPT_gene-I6G83_RS22400|protein_coding||c.-4074T>G|||||4074
NZ_CP065640.1	4759469	A	T	30.4183	GT:PL:AD	1:60,0:0,1	T	stop_gained	HIGH	I6G83_RS22415	gene-I6G83_RS22415	transcript	TRANSCRIPT_gene-I6G83_RS22415	protein_coding	1/1	c.41T>A	p.Leu14*	41/405	41/405	14/134	WARNING_TRANSCRIPT_NO_START_CODON,T|upstream_gene_variant|MODIFIER|I6G83_RS22400|gene-I6G83_RS22400|transcript|TRANSCRIPT_gene-I6G83_RS22400|protein_coding||c.-4149T>A|||||4149
NZ_CP065640.1	4769650	G	T	30.4183	GT:PL:AD	1:60,0:0,1	T	stop_gained	HIGH	fruA	gene-I6G83_RS22455	transcript	TRANSCRIPT_gene-I6G83_RS22455	protein_coding	1/1	c.638C>A	p.Ser213*	638/1701	638/1701	213/566	
NZ_CP065640.1	4821795	G	A	30.4183	GT:PL:AD	1:60,0:0,1	A	start_lost	HIGH	I6G83_RS22710	gene-I6G83_RS22710	transcript	TRANSCRIPT_gene-I6G83_RS22710	protein_coding	1/1	c.3G>A	p.Met1?	3/417	3/417	1/138	
NZ_CP065640.1	4822199	G	A	30.4183	GT:PL:AD	1:60,0:0,1	A	stop_gained	HIGH	I6G83_RS22710	gene-I6G83_RS22710	transcript	TRANSCRIPT_gene-I6G83_RS22710	protein_coding	1/1	c.407G>A	p.Trp136*	407/417	407/417	136/138	
NZ_CP065640.1	4869007	C	G	30.4183	GT:PL:AD	1:60,0:0,1	G	start_lost	HIGH	I6G83_RS23695	gene-I6G83_RS23695	transcript	TRANSCRIPT_gene-I6G83_RS23695	protein_coding	1/1	c.3G>C	p.Met1?	3/216	3/216	1/71	
NZ_CP065640.1	4882565	C	A	30.4183	GT:PL:AD	1:60,0:0,1	A	stop_gained	HIGH	I6G83_RS22955	gene-I6G83_RS22955	transcript	TRANSCRIPT_gene-I6G83_RS22955	protein_coding	1/1	c.30C>A	p.Tyr10*	30/138	30/138	10/45	
